gameId,date,kickoff,away,home,placed_at,strategy,market,book,pick,pick_label,price,p_model,ev,stake,status,profit,score
2026020044,2026-10-06,2026-10-06T23:00:00Z,Nashville Predators,Toronto Maple Leafs,2026-10-06T18:57:33.933919+00:00,favori,Vainqueur,Unibet FR,A,Nashville Predators,2.05,0.5431703812378863,0.1134992815376667,10.0,en attente,,
2026020044,2026-10-06,2026-10-06T23:00:00Z,Nashville Predators,Toronto Maple Leafs,2026-10-06T18:57:33.933919+00:00,valeur_unibet,Vainqueur,Unibet FR,A,Nashville Predators,2.05,0.5431703812378863,0.1134992815376667,10.0,en attente,,
2026020044,2026-10-06,2026-10-06T23:00:00Z,Nashville Predators,Toronto Maple Leafs,2026-10-06T18:57:33.933919+00:00,valeur_winamax,1N2,Winamax,A,Nashville Predators,2.8,0.4307701447613861,0.2061564053318811,10.0,en attente,,
2026020045,2026-10-06,2026-10-06T23:00:00Z,Carolina Hurricanes,Montréal Canadiens,2026-10-06T18:57:33.933919+00:00,favori,Vainqueur,Unibet FR,A,Carolina Hurricanes,1.65,0.6069277876029915,0.0014308495449359,10.0,en attente,,
2026020045,2026-10-06,2026-10-06T23:00:00Z,Carolina Hurricanes,Montréal Canadiens,2026-10-06T18:57:33.933919+00:00,valeur_unibet,Vainqueur,Unibet FR,A,Carolina Hurricanes,1.65,0.6069277876029915,0.0014308495449359,10.0,en attente,,
2026020045,2026-10-06,2026-10-06T23:00:00Z,Carolina Hurricanes,Montréal Canadiens,2026-10-06T18:57:33.933919+00:00,valeur_winamax,1N2,Winamax,A,Carolina Hurricanes,2.15,0.4945275511264913,0.0632342349219563,10.0,en attente,,
2026020046,2026-10-06,2026-10-06T23:00:00Z,Ottawa Senators,Detroit Red Wings,2026-10-06T18:57:33.933919+00:00,favori,Vainqueur,Unibet FR,H,Detroit Red Wings,1.71,0.5152956095165545,-0.1188445077266918,10.0,en attente,,
2026020047,2026-10-06,2026-10-06T23:00:00Z,Utah Mammoth,New Jersey Devils,2026-10-06T18:57:33.933919+00:00,favori,Vainqueur,Unibet FR,A,Utah Mammoth,1.85,0.5209635330794391,-0.0362174638030375,10.0,en attente,,
2026020047,2026-10-06,2026-10-06T23:00:00Z,Utah Mammoth,New Jersey Devils,2026-10-06T18:57:33.933919+00:00,valeur_winamax,1N2,Winamax,A,Utah Mammoth,2.45,0.4085632966029389,0.0009800766772005,10.0,en attente,,
2026020048,2026-10-06,2026-10-06T23:30:00Z,New York Islanders,New York Rangers,2026-10-06T18:57:33.933919+00:00,favori,Vainqueur,Unibet FR,H,New York Rangers,1.54,0.5727606046337181,-0.117948668864074,10.0,en attente,,
2026020049,2026-10-06,2026-10-06T23:00:00Z,Minnesota Wild,Buffalo Sabres,2026-10-06T18:57:33.933919+00:00,favori,Vainqueur,Unibet FR,H,Buffalo Sabres,1.77,0.5401548876180514,-0.043925848916049,10.0,en attente,,
2026020049,2026-10-06,2026-10-06T23:00:00Z,Minnesota Wild,Buffalo Sabres,2026-10-06T18:57:33.933919+00:00,valeur_winamax,1N2,Winamax,H,Buffalo Sabres,2.35,0.4277546511415512,0.0052234301826454,10.0,en attente,,
2026020050,2026-10-06,2026-10-07T00:00:00Z,St. Louis Blues,Chicago Blackhawks,2026-10-06T18:57:33.933919+00:00,favori,Vainqueur,Unibet FR,A,St. Louis Blues,1.59,0.6299807743150191,0.0016694311608804,10.0,en attente,,
2026020050,2026-10-06,2026-10-07T00:00:00Z,St. Louis Blues,Chicago Blackhawks,2026-10-06T18:57:33.933919+00:00,valeur_unibet,Vainqueur,Unibet FR,A,St. Louis Blues,1.59,0.6299807743150191,0.0016694311608804,10.0,en attente,,
2026020050,2026-10-06,2026-10-07T00:00:00Z,St. Louis Blues,Chicago Blackhawks,2026-10-06T18:57:33.933919+00:00,valeur_winamax,1N2,Winamax,A,St. Louis Blues,2.05,0.517580537838519,0.0610401025689637,10.0,en attente,,
2026020046,2026-10-06,2026-10-06T23:00:00Z,Ottawa Senators,Detroit Red Wings,2026-10-07T01:04:10.471013+00:00,valeur_winamax,1N2,Winamax,A,Ottawa Senators,2.4,0.4201566689617829,0.008376005508278883,10.0,en attente,,
2026020051,2026-10-06,2026-10-07T01:40:00Z,Vegas Golden Knights,Seattle Kraken,2026-10-07T01:04:10.471013+00:00,favori,Vainqueur,Unibet FR,A,Vegas Golden Knights,1.56,0.6330536584797055,-0.012436292771659363,10.0,en attente,,
2026020052,2026-10-06,2026-10-07T02:00:00Z,Florida Panthers,Los Angeles Kings,2026-10-07T01:04:10.471013+00:00,favori,Vainqueur,Unibet FR,H,Los Angeles Kings,1.85,0.5738567546079603,0.06163499602472644,10.0,en attente,,
2026020052,2026-10-06,2026-10-07T02:00:00Z,Florida Panthers,Los Angeles Kings,2026-10-07T01:04:10.471013+00:00,valeur_unibet,Vainqueur,Unibet FR,H,Los Angeles Kings,1.85,0.5738567546079603,0.06163499602472644,10.0,en attente,,
2026020052,2026-10-06,2026-10-07T02:00:00Z,Florida Panthers,Los Angeles Kings,2026-10-07T01:04:10.471013+00:00,valeur_winamax,1N2,Winamax,H,Los Angeles Kings,2.35,0.4614565181314601,0.08442281760893122,10.0,en attente,,
