gameId,date,kickoff,away,home,placed_at,away_goalie,home_goalie,p_home,pH,pX,pA,news,away_absents,home_absents,away_summary,home_summary,away_miss,home_miss,pin_fair,pin_H,pin_A,uni_H,uni_A,wmx_H,wmx_X,wmx_A
2026020044,2026-10-06,2026-10-06T23:00:00Z,Nashville Predators,Toronto Maple Leafs,2026-10-06T18:57:33.933919+00:00,Juuse Saros *,Anthony Stolarz *,0.45682961876211375,0.3444293822856136,0.2248004729530003,0.43077014476138614,True,[],[],"The Nashville Predators are coming off a 1-1-0 record, with Juuse Saros confirmed as the starting goalie. Matt Murray has been reassigned to the AHL, but he is expected to return for this game. The team has a stable lineup with no major injuries or scratches reported.","The Toronto Maple Leafs are 1-2-0 with a 2-point total. Sergei Bobrovsky is confirmed as the starting goalie. The team will dress the same 18 skaters for a third straight game. There are no major injuries or scratches reported, and the team is looking to bounce back from a loss to Ottawa.",0.0,0.0,0.5907172995780591,1.649,2.38,1.54,2.05,1.98,4.1,2.8
2026020045,2026-10-06,2026-10-06T23:00:00Z,Carolina Hurricanes,Montréal Canadiens,2026-10-06T18:57:33.933919+00:00,Pyotr Kochetkov *,Jakub Dobes *,0.39307221239700857,0.2806719759205084,0.2248004729530003,0.4945275511264913,True,[],"[{""name"": ""Ivan Demidov"", ""p"": 0.97, ""ppg"": 0.68}, {""name"": ""Oliver Kapanen"", ""p"": 0.95, ""ppg"": 0.4}, {""name"": ""Kaiden Guhle"", ""p"": 0.96, ""ppg"": 0.31}]","The Carolina Hurricanes are coming off a 3-2 overtime win over the Philadelphia Flyers, with Pyotr Kochetkov starting in net. They have a strong power play, scoring three of their five goals on the man advantage. Seth Jarvis is returning to the lineup after missing time due to shoulder surgery.","The Montreal Canadiens are coming off a 6-5 overtime loss to the Pittsburgh Penguins, with Jakub Dobes starting in net. They have a strong team with captain Nick Suzuki leading the charge, and Florian Xhekaj is making his season debut. Several key players are sidelined due to injuries.",0.0,1.3372000000000002,0.4538989077978156,2.15,1.787,1.87,1.65,2.5,4.0,2.15
2026020046,2026-10-06,2026-10-06T23:00:00Z,Ottawa Senators,Detroit Red Wings,2026-10-06T18:57:33.933919+00:00,Samuel Ersson *,John Gibson *,0.5152956095165545,0.40289537304005435,0.2248004729530003,0.37230415400694533,True,"[{""name"": ""Jake Sanderson"", ""p"": 0.95, ""ppg"": 0.75}, {""name"": ""Ridly Greig"", ""p"": 0.93, ""ppg"": 0.43}, {""name"": ""Artem Zub"", ""p"": 0.97, ""ppg"": 0.31}, {""name"": ""Andre Burakovsky"", ""p"": 0.97, ""ppg"": 0.31}, {""name"": ""Kurtis MacDermid"", ""p"": 0.97, ""ppg"": 0.03}, {""name"": ""Linus Ullmark"", ""p"": 0.94, ""ppg"": null}]","[{""name"": ""Marco Kasper"", ""p"": 0.95, ""ppg"": 0.25}, {""name"": ""J.T. Compher"", ""p"": 0.5, ""ppg"": 0.34}, {""name"": ""Mason Appleton"", ""p"": 0.94, ""ppg"": 0.15}, {""name"": ""Jacob Bernard-Docker"", ""p"": 0.96, ""ppg"": 0.08}, {""name"": ""Emmitt Finnie"", ""p"": 0.06, ""ppg"": 0.29}]","The Ottawa Senators enter the game with a strong record of 2-0-0, having won their first two games. Key players like Stephen Halliday and Cameron Crotty are returning to the lineup, while several key players are injured or suspended. Samuel Ersson is confirmed to start in goal.","The Detroit Red Wings are coming off a 0-2-0 start to the season, having lost their first two games. Despite several injuries and suspensions, the team has a strong roster with key players returning to the lineup. John Gibson is confirmed to start in goal, and the team is looking to build on their defensive performance from the season opener.",1.7429,0.6426999999999999,0.5174180327868853,1.884,2.02,1.71,1.8,2.3,4.0,2.3
2026020047,2026-10-06,2026-10-06T23:00:00Z,Utah Mammoth,New Jersey Devils,2026-10-06T18:57:33.933919+00:00,Karel Vejmelka *,Jake Allen *,0.47903646692056095,0.3666362304440608,0.2248004729530003,0.40856329660293894,True,"[{""name"": ""Kailer Yamamoto"", ""p"": 0.96, ""ppg"": 0.34}, {""name"": ""Nick DeSimone"", ""p"": 0.97, ""ppg"": 0.22}, {""name"": ""Maveric Lamoureux"", ""p"": 0.97, ""ppg"": 0.17}, {""name"": ""Liam O'Brien"", ""p"": 0.97, ""ppg"": 0.09}]","[{""name"": ""Connor Brown"", ""p"": 0.98, ""ppg"": 0.57}, {""name"": ""Johnathan Kovacevic"", ""p"": 0.96, ""ppg"": 0.18}, {""name"": ""Stefen Noesen"", ""p"": 0.97, ""ppg"": null}, {""name"": ""Remi Poirier"", ""p"": 0.97, ""ppg"": null}]","The Utah Mammoth are coming off a strong 4-1 win over the Columbus Blue Jackets, with multiple milestone performances. Sebastian Cossa made his NHL debut and earned a win, while Clayton Keller and Nick Schmaltz reached career milestone points. The team is in good form and has a solid lineup with some key players returning from injury.","The New Jersey Devils are coming off a 1-1-0 record, with a recent loss to the New York Rangers. They have a projected lineup with Jake Allen expected to start. Connor Brown is out for the next two games due to a lower body injury. The team is in a rebuilding phase and has some key players missing due to injury or scratches.",0.792,0.7313999999999999,0.5263157894736843,1.854,2.06,1.67,1.85,2.15,4.0,2.45
2026020048,2026-10-06,2026-10-06T23:30:00Z,New York Islanders,New York Rangers,2026-10-06T18:57:33.933919+00:00,Semyon Varlamov *,Igor Shesterkin *,0.5727606046337181,0.460360368157218,0.2248004729530003,0.3148391588897817,True,"[{""name"": ""Scott Mayfield"", ""p"": 0.97, ""ppg"": 0.18}, {""name"": ""Matthew Kessel"", ""p"": 0.97, ""ppg"": 0.11}, {""name"": ""Kyle MacLean"", ""p"": 0.97, ""ppg"": 0.11}]","[{""name"": ""Scott Morrow"", ""p"": 0.97, ""ppg"": 0.24}, {""name"": ""Matt Rempe"", ""p"": 0.97, ""ppg"": 0.12}, {""name"": ""Joseph Veleno"", ""p"": 0.97, ""ppg"": 0.08}, {""name"": ""Joonas Korpisalo"", ""p"": 0.92, ""ppg"": null}]","The New York Islanders are coming off a 6-0 victory over the New Jersey Devils, with six different goal scorers contributing. Victor Eklund scored his first NHL goal on his 20th birthday. Semyon Varlamov is set to start for the first time since November 2024, following a 676-day rehab period.","The New York Rangers are on a three-game winning streak, including a 4-2 victory over the Utah Mammoth. Igor Shesterkin is expected to start, facing off against Semyon Varlamov. The Rangers are undefeated at home this season and have a strong lineup with several goal scorers.",0.388,0.42679999999999996,0.5901314158194891,1.653,2.38,1.54,2.05,1.98,4.1,2.8
2026020049,2026-10-06,2026-10-06T23:00:00Z,Minnesota Wild,Buffalo Sabres,2026-10-06T18:57:33.933919+00:00,Jesper Wallstedt *,Ukko-Pekka Luukkonen *,0.5401548876180514,0.42775465114155126,0.2248004729530003,0.3474448759054484,True,"[{""name"": ""Brock Faber"", ""p"": 0.98, ""ppg"": 0.65}, {""name"": ""Danila Yurov"", ""p"": 0.22, ""ppg"": 0.4}, {""name"": ""Filip Gustavsson"", ""p"": 0.97, ""ppg"": null}]","[{""name"": ""Jason Zucker"", ""p"": 0.94, ""ppg"": 0.68}, {""name"": ""Conor Timmins"", ""p"": 0.94, ""ppg"": 0.25}, {""name"": ""Alex Lyon"", ""p"": 0.95, ""ppg"": null}]","The Minnesota Wild enter the game with a 2-0-0 record, looking to build on their strong start. Key forward Danila Yurov is questionable, and captain Kirill Kaprizov is back in the lineup after a recent incident. Goalie Calvin Pickard is confirmed to start, with Filip Gustavsson and Brock Faber out due to injuries.","The Buffalo Sabres are coming off a thrilling 4-3 home opener win against the Chicago Blackhawks, with a sellout crowd and strong fan support. Goalie Colten Ellis is confirmed to start, and the team is looking to build on their momentum. Key players like Jason Zucker and Conor Timmins are expected to return soon, while the team continues to adjust their power-play unit.",0.725,0.8742,0.49538934426229503,1.97,1.934,1.77,1.74,2.35,4.0,2.3
2026020050,2026-10-06,2026-10-07T00:00:00Z,St. Louis Blues,Chicago Blackhawks,2026-10-06T18:57:33.933919+00:00,Jordan Binnington *,Spencer Knight *,0.3700192256849809,0.25761898920848075,0.2248004729530003,0.517580537838519,True,"[{""name"": ""Tyler Tucker"", ""p"": 0.97, ""ppg"": 0.22}, {""name"": ""Logan Mailloux"", ""p"": 0.97, ""ppg"": 0.18}, {""name"": ""Alexey Toropchenko"", ""p"": 0.98, ""ppg"": 0.17}]","[{""name"": ""Connor Bedard"", ""p"": 0.98, ""ppg"": 1.02}, {""name"": ""Andrew Mangiapane"", ""p"": 0.97, ""ppg"": 0.22}]","The St. Louis Blues are looking to rebound after a split start to the season, with a 4-0 win over the Stars and a 6-1 loss to the Avalanche. They will need more offensive production, especially from the Robert Thomas line, and will be missing several key players due to injury.","The Chicago Blackhawks are looking for their first win of the season after three straight losses. They have acquired several players to aid their rebuilding phase, including Bowen Byram and Jordan Greenway, and will be welcoming back Patrick Kane for his first game at United Center since February 2023.",0.5546,1.213,0.43022088353413657,2.27,1.714,1.95,1.59,2.65,4.0,2.05
2026020051,2026-10-06,2026-10-07T01:40:00Z,Vegas Golden Knights,Seattle Kraken,2026-10-06T18:57:33.933919+00:00,Carter Hart *,Joey Daccord *,0.36156916716218185,0.2491689306856817,0.2248004729530003,0.526030596361318,True,[],"[{""name"": ""Josh Mahura"", ""p"": 0.91, ""ppg"": 0.17}, {""name"": ""Jacob Melanson"", ""p"": 0.96, ""ppg"": 0.12}, {""name"": ""Curtis Douglas"", ""p"": 0.86, ""ppg"": 0.08}]","The Vegas Golden Knights are coming off a 2-1-0 start to the season, with strong performances from key players like Jack Eichel and Mark Stone. Their projected lineup includes several returning players, and they have no injured players listed. Carter Hart is confirmed to start in goal.","The Seattle Kraken are also at 2-1-0, with a mix of returning players and some key scratches. Joey Daccord is projected to start in goal, while Philipp Grubauer is also in the lineup. Jacob Melanson is listed as injured, and Josh Mahura and Curtis Douglas are scratched. The team has shown resilience in recent games, despite some challenges.",0.0,0.3387,0.3930494371023006,2.48,1.606,2.1,1.5,2.95,4.1,1.9
2026020052,2026-10-06,2026-10-07T02:00:00Z,Florida Panthers,Los Angeles Kings,2026-10-06T18:57:33.933919+00:00,Akira Schmid *,Anton Forsberg,0.5797374202199093,0.4673371837434091,0.2248004729530003,0.3078623433035906,True,"[{""name"": ""Aleksander Barkov"", ""p"": 0.96, ""ppg"": 0.89}, {""name"": ""Brad Marchand"", ""p"": 0.52, ""ppg"": 0.88}, {""name"": ""Gustav Forsling"", ""p"": 0.3, ""ppg"": 0.29}, {""name"": ""Jonah Gadjovich"", ""p"": 0.94, ""ppg"": 0.09}]","[{""name"": ""Troy Terry"", ""p"": 0.31, ""ppg"": 0.86}, {""name"": ""Ian Moore"", ""p"": 0.46, ""ppg"": 0.18}, {""name"": ""Drew Helleson"", ""p"": 0.3, ""ppg"": 0.23}]","The Florida Panthers are missing their captain, Aleksander Barkov, who is on long-term injured reserve. They are relying on depth and returning players like Brad Marchand and Gustav Forsling. The team has a strong record against the Ducks and is looking to continue their strong start to the season.","The Los Angeles Kings are looking to build on their first point of the season after a close overtime loss to the Sharks. They have a strong offensive line with players like Adrian Kempe and Quinton Byfield, but they are missing key players like Drew Helleson and Ian Moore.",1.4836,0.4184,0.4805427547363031,2.029,1.877,1.8,1.71,2.4,4.0,2.25
